{
  "nodes":[{"name":"carbamazepine","group":24651017},
{"name":"diclofenac","group":24651017},
{"name":"iodine","group":24651017},
{"name":"nitrobenzene","group":24651017},
{"name":"propylene glycol","group":24644068},
{"name":"oleic acid","group":24644068},
{"name":"sodium","group":24644068},
{"name":"phenytoin","group":24641255},
{"name":"Vancomycin","group":24641255},
{"name":"captopril","group":24641255},
{"name":"4'-hydroxydiclofenac","group":24633464},
{"name":"urea","group":24633464},
{"name":"trisodium citrate","group":24633464},
{"name":"metoprolol","group":24642095},
{"name":"benzotriazole","group":24642095},
{"name":"phenazone","group":24642095},
{"name":"tolyltriazole","group":24642095},
{"name":"paracetamol","group":24641640},
{"name":"bupivacaine","group":24641640},
{"name":"fentanyl","group":24641640},
{"name":"acetate butyrate","group":24640597},
{"name":"acetate propionate","group":24640597},
{"name":"propranolol","group":24643336},
{"name":"sulfamethoxazole","group":24643336},
{"name":"ethanol","group":24653558},
{"name":"CTAB","group":24636757},
{"name":"cetyltrimethyl ammonium bromide","group":24636757},
{"name":"methanol","group":24636757},
{"name":"diphenhydramine","group":24636757},
{"name":"ibuprofen","group":24645450},
{"name":"ketoprofen","group":24645450},
{"name":"H2O2","group":24645450},
{"name":"carbon","group":24645450}],
    "links":[{"source":30,"target":32,"value":1},
{"source":30,"target":29,"value":1},
{"source":30,"target":31,"value":1},
{"source":30,"target":1,"value":1},
{"source":32,"target":30,"value":1},
{"source":32,"target":29,"value":1},
{"source":32,"target":31,"value":1},
{"source":32,"target":1,"value":1},
{"source":29,"target":30,"value":1},
{"source":29,"target":32,"value":1},
{"source":29,"target":31,"value":1},
{"source":29,"target":1,"value":1},
{"source":31,"target":30,"value":1},
{"source":31,"target":32,"value":1},
{"source":31,"target":29,"value":1},
{"source":31,"target":1,"value":1},
{"source":1,"target":30,"value":1},
{"source":1,"target":32,"value":1},
{"source":1,"target":29,"value":1},
{"source":1,"target":31,"value":1},
{"source":8,"target":7,"value":1},
{"source":8,"target":9,"value":1},
{"source":8,"target":1,"value":1},
{"source":7,"target":8,"value":1},
{"source":7,"target":9,"value":1},
{"source":7,"target":1,"value":1},
{"source":9,"target":8,"value":1},
{"source":9,"target":7,"value":1},
{"source":9,"target":1,"value":1},
{"source":1,"target":8,"value":1},
{"source":1,"target":7,"value":1},
{"source":1,"target":9,"value":1},
{"source":24,"target":1,"value":1},
{"source":1,"target":24,"value":1},
{"source":6,"target":1,"value":1},
{"source":1,"target":6,"value":1},
{"source":13,"target":15,"value":1},
{"source":13,"target":0,"value":1},
{"source":13,"target":16,"value":1},
{"source":13,"target":1,"value":1},
{"source":13,"target":14,"value":1},
{"source":15,"target":13,"value":1},
{"source":15,"target":0,"value":1},
{"source":15,"target":16,"value":1},
{"source":15,"target":1,"value":1},
{"source":15,"target":14,"value":1},
{"source":0,"target":13,"value":1},
{"source":0,"target":15,"value":1},
{"source":0,"target":16,"value":1},
{"source":0,"target":1,"value":1},
{"source":0,"target":14,"value":1},
{"source":16,"target":13,"value":1},
{"source":16,"target":15,"value":1},
{"source":16,"target":0,"value":1},
{"source":16,"target":1,"value":1},
{"source":16,"target":14,"value":1},
{"source":1,"target":13,"value":1},
{"source":1,"target":15,"value":1},
{"source":1,"target":0,"value":1},
{"source":1,"target":16,"value":1},
{"source":1,"target":14,"value":1},
{"source":14,"target":13,"value":1},
{"source":14,"target":15,"value":1},
{"source":14,"target":0,"value":1},
{"source":14,"target":16,"value":1},
{"source":14,"target":1,"value":1},
{"source":5,"target":4,"value":1},
{"source":5,"target":6,"value":1},
{"source":4,"target":5,"value":1},
{"source":4,"target":6,"value":1},
{"source":6,"target":5,"value":1},
{"source":6,"target":4,"value":1},
{"source":17,"target":1,"value":1},
{"source":1,"target":17,"value":1},
{"source":28,"target":26,"value":1},
{"source":28,"target":25,"value":1},
{"source":28,"target":1,"value":1},
{"source":28,"target":27,"value":1},
{"source":26,"target":28,"value":1},
{"source":26,"target":25,"value":1},
{"source":26,"target":1,"value":1},
{"source":26,"target":27,"value":1},
{"source":25,"target":28,"value":1},
{"source":25,"target":26,"value":1},
{"source":25,"target":1,"value":1},
{"source":25,"target":27,"value":1},
{"source":1,"target":28,"value":1},
{"source":1,"target":26,"value":1},
{"source":1,"target":25,"value":1},
{"source":1,"target":27,"value":1},
{"source":27,"target":28,"value":1},
{"source":27,"target":26,"value":1},
{"source":27,"target":25,"value":1},
{"source":27,"target":1,"value":1},
{"source":11,"target":12,"value":1},
{"source":11,"target":10,"value":1},
{"source":11,"target":1,"value":1},
{"source":12,"target":11,"value":1},
{"source":12,"target":10,"value":1},
{"source":12,"target":1,"value":1},
{"source":10,"target":11,"value":1},
{"source":10,"target":12,"value":1},
{"source":10,"target":1,"value":1},
{"source":1,"target":11,"value":1},
{"source":1,"target":12,"value":1},
{"source":1,"target":10,"value":1},
{"source":18,"target":17,"value":1},
{"source":18,"target":1,"value":1},
{"source":18,"target":19,"value":1},
{"source":17,"target":18,"value":1},
{"source":17,"target":1,"value":1},
{"source":17,"target":19,"value":1},
{"source":1,"target":18,"value":1},
{"source":1,"target":17,"value":1},
{"source":1,"target":19,"value":1},
{"source":19,"target":18,"value":1},
{"source":19,"target":17,"value":1},
{"source":19,"target":1,"value":1},
{"source":3,"target":2,"value":1},
{"source":3,"target":0,"value":1},
{"source":3,"target":1,"value":1},
{"source":2,"target":3,"value":1},
{"source":2,"target":0,"value":1},
{"source":2,"target":1,"value":1},
{"source":0,"target":3,"value":1},
{"source":0,"target":2,"value":1},
{"source":0,"target":1,"value":1},
{"source":1,"target":3,"value":1},
{"source":1,"target":2,"value":1},
{"source":1,"target":0,"value":1},
{"source":23,"target":22,"value":1},
{"source":23,"target":0,"value":1},
{"source":23,"target":1,"value":1},
{"source":22,"target":23,"value":1},
{"source":22,"target":0,"value":1},
{"source":22,"target":1,"value":1},
{"source":0,"target":23,"value":1},
{"source":0,"target":22,"value":1},
{"source":0,"target":1,"value":1},
{"source":1,"target":23,"value":1},
{"source":1,"target":22,"value":1},
{"source":1,"target":0,"value":1},
{"source":21,"target":6,"value":1},
{"source":21,"target":20,"value":1},
{"source":6,"target":21,"value":1},
{"source":6,"target":20,"value":1},
{"source":20,"target":21,"value":1},
{"source":20,"target":6,"value":1},
{"source":29,"target":1,"value":1},
{"source":1,"target":29,"value":1}]
}
